id;genetic_sex;gender_id;photo;photo_content_type
1;MALE;Frozen Branding;../fake-data/blob/hipster.png;image/png
2;FEMALE;Communications;../fake-data/blob/hipster.png;image/png
3;MALE;Bedfordshire;../fake-data/blob/hipster.png;image/png
4;MALE;Outdoors Shoes Armenian Dram;../fake-data/blob/hipster.png;image/png
5;MALE;User-centric;../fake-data/blob/hipster.png;image/png
6;MALE;sensor Executive;../fake-data/blob/hipster.png;image/png
7;MALE;Home Tasty;../fake-data/blob/hipster.png;image/png
8;MALE;Incredible back-end;../fake-data/blob/hipster.png;image/png
9;MALE;Technician Bedfordshire Computer;../fake-data/blob/hipster.png;image/png
10;MALE;Program;../fake-data/blob/hipster.png;image/png
